"","Celltype","Sample Names","Num of Samples","Protein","Num of TFs","Correlated TFs"
"1","Macrophage","P1_2020Oct, P2_2021Mar, P3_2023Jan","3","CD11b","32","AHR,BACH2,BATF,BCL11A,E2F1,E2F4,ETV7,FOSL2,FOXD2,FOXP3,GATA1,GMEB2,HOXA4,KLF5,MAFK,MEF2A,MNT,MYBL2,NFYB,POU2F2,RELA,REST,SIX5,SMAD3,STAT1,TCF21,TFAP2A,TP73,USF1,VDR,ZBTB33,ZNF76"
"2","Macrophage","P1_2020Oct, P2_2021Mar, P3_2023Jan","3","CD69","1","AR"
"3","Macrophage","P1_2020Oct, P2_2021Mar, P3_2023Jan","3","CD304","9","ARID3A,ARNTL,CEBPD,FOXA2,KLF9,MECOM,PGR,SP4,VEZF1"
"4","Macrophage","P1_2020Oct, P2_2021Mar, P3_2023Jan","3","CD39","18","ARNT,ATF3,ELK1,ELK3,ETS2,FOXP2,GRHL2,HES1,HNF1B,HOXA4,KLF4,RELA,RFX2,SPDEF,STAT5B,TAL1,TP63,VEZF1"
"5","Macrophage","P1_2020Oct, P2_2021Mar, P3_2023Jan","3","CD274","6","ARNTL,E2F8,ELF1,GATA3,GTF2B,RARA"
"6","Macrophage","P1_2020Oct, P2_2021Mar, P3_2023Jan","3","CD366","4","ARNTL,CTCF,MXI1,VEZF1"
"7","Macrophage","P1_2020Oct, P2_2021Mar, P3_2023Jan","3","CD40","18","ARNTL,BCL6,CEBPD,E2F6,E2F8,ELF1,ETS2,GATA2,GATA4,LHX2,MITF,RARA,RXRG,SPDEF,TBX21,TFAP4,USF1,VEZF1"
"8","Macrophage","P1_2020Oct, P2_2021Mar, P3_2023Jan","3","HLA.DR","21","ARNTL,ASCL2,CEBPA,E2F6,E2F8,ELF1,ELK1,ETS2,GATA4,HES1,HOXA1,HSF2,JUNB,MITF,NFE2,RUNX3,SETDB1,SP2,SPDEF,TFAP4,TFDP1"
"9","Macrophage","P1_2020Oct, P2_2021Mar, P3_2023Jan","3","CD81","11","ARNTL,CEBPB,E2F7,EPAS1,KLF9,KMT2A,PGR,SP4,TBX21,TFAP2C,TFAP4"
"10","Macrophage","P1_2020Oct, P2_2021Mar, P3_2023Jan","3","CD206","6","ARNTL,HES1,HOXA4,PRDM1,SP4,SPDEF"
"11","Macrophage","P1_2020Oct, P2_2021Mar, P3_2023Jan","3","CD14","17","ATF3,E2F7,ELF1,ELK3,EPAS1,GLI2,GTF2I,JUNB,MAF,MXI1,MYC,RFX2,SP2,TFDP1,TP63,XBP1,ZNF384"
"12","Macrophage","P1_2020Oct, P2_2021Mar, P3_2023Jan","3","CD195","12","CEBPD,E2F7,ELF1,EPAS1,JUNB,KLF3,PGR,RARA,SP2,TCF3,XBP1,ZFX"
"13","Macrophage","P1_2020Oct, P2_2021Mar, P3_2023Jan","3","CD141","5","CTCF,JUNB,NR2F2,STAT3,TP63"
"14","Macrophage","P1_2020Oct, P2_2021Mar, P3_2023Jan","3","CD66b","3","ESR1,TEAD4,USF1"
"15","Macrophage","P1_2020Oct, P2_2021Mar, P3_2023Jan","3","CD107a","8","ESR1,ETV6,HNF1B,MNT,NR5A2,PAX5,TCF7L2,USF1"
"16","Macrophage","P1_2020Oct, P2_2021Mar, P3_2023Jan","3","CD103","1","ETV5"
"17","Macrophage","P1_2020Oct, P2_2021Mar, P3_2023Jan","3","CD123","1","ETV6"
"18","Macrophage","P1_2020Oct, P2_2021Mar, P3_2023Jan","3","CD19","2","ETV6,PBX3"
"19","Macrophage","P1_2020Oct, P2_2021Mar, P3_2023Jan","3","CD20","1","ETV6"
"20","Macrophage","P1_2020Oct, P2_2021Mar, P3_2023Jan","3","CD30","1","ETV6"
"21","Macrophage","P1_2020Oct, P2_2021Mar, P3_2023Jan","3","CD62L","6","ETV6,MNT,NFE2,TCF7L2,USF1,ZBTB33"
"22","Macrophage","P1_2020Oct, P2_2021Mar, P3_2023Jan","3","CD28","2","FOXP1,TEAD4"
"23","Macrophage","P1_2020Oct, P2_2021Mar, P3_2023Jan","3","CD95","7","GMEB1,MNT,PAX5,PAX6,TCF7L2,USF1,VDR"
"24","Macrophage","P1_2020Oct, P2_2021Mar, P3_2023Jan","3","CD11c","3","NRF1,STAT2,TP63"
"25","Macrophage","P1_2020Oct, P2_2021Mar, P3_2023Jan","3","CD117","1","PBX3"
"26","Macrophage","P1_2020Oct, P2_2021Mar, P3_2023Jan","3","CD137","1","PBX3"
"27","Macrophage","P1_2020Oct, P2_2021Mar, P3_2023Jan","3","CD15","1","PBX3"
"28","Macrophage","P1_2020Oct, P2_2021Mar, P3_2023Jan","3","CD194","1","PBX3"
"29","Macrophage","P1_2020Oct, P2_2021Mar, P3_2023Jan","3","CD197","1","PBX3"
"30","Macrophage","P1_2020Oct, P2_2021Mar, P3_2023Jan","3","CD223","1","PBX3"
"31","Macrophage","P1_2020Oct, P2_2021Mar, P3_2023Jan","3","CD278","1","PBX3"
"32","Macrophage","P1_2020Oct, P2_2021Mar, P3_2023Jan","3","CD25","1","TCF7L2"
"33","Macrophage","P1_2020Oct, P2_2021Mar, P3_2023Jan","3","CD273","2","TCF7L2,USF1"
"34","Treg","P1_2020Oct, P3_2023Jan","2","CD1c","24","AHR,ARID3A,CEBPB,CEBPD,EHF,ETV6,FOXA2,GATA3,GATA4,GLI2,GTF2I,MEF2A,MEF2C,MNT,NFAT5,NR2F2,RBPJ,STAT1,STAT5B,TCF12,THAP1,TP73,USF1,XBP1"
"35","Treg","P1_2020Oct, P3_2023Jan","2","CD39","80","AHR,ATF2,ATF3,BACH2,BARX2,BATF,BCL11A,E2F2,E2F3,E2F6,E2F8,EBF1,EHF,ELK3,EPAS1,ESR1,ESR2,ESRRA,ETV4,ETV5,FOSL1,FOSL2,FOXA1,FOXD2,FOXP1,GATA3,GMEB2,GRHL2,GTF2I,HEY1,HNF1B,HOXA4,HOXB13,HSF2,IKZF1,IRF3,JUND,KLF3,KLF4,KLF5,LHX2,MECOM,MXI1,MYC,MZF1,NFAT5,NFE2,NR2F2,NR3C1,NRF1,POU2F2,RARG,RBPJ,RELA,RUNX1,RUNX3,RXRG,SETDB1,SIX5,SMAD3,SPDEF,SPI1,SREBF1,STAT1,STAT2,STAT3,STAT5B,TAL1,TBX21,TCF4,TCF7L2,TEAD4,TFAP2A,USF1,USF2,VDR,XBP1,ZBTB7B,ZNF143,ZNF76"
"36","Treg","P1_2020Oct, P3_2023Jan","2","HLA.DR","86","AHR,AR,ARID3A,ATF1,ATF2,ATF3,BACH2,BARX2,CEBPB,CEBPD,E2F3,E2F7,EBF1,EHF,ELK3,EPAS1,ESR1,ESR2,ESRRA,ETV4,ETV5,ETV6,FOSL2,FOXA2,FOXD2,FOXK1,FOXP1,FOXP2,GATA3,GATA4,GLIS1,GMEB1,GRHL2,GTF2I,HNF1B,HOXA4,HSF1,HSF2,IKZF1,IRF3,JUND,KLF10,KLF3,KMT2A,MAF,MAFF,MBD2,MEF2C,MYC,NFAT5,NFE2,NFYB,NKX2-1,NR2F2,NRF1,POU2F1,PRDM1,RARG,RBPJ,RELA,RFX5,RUNX1,RXRG,SIX5,SOX17,SP1,SP4,SPDEF,STAT1,STAT4,STAT5B,TBX21,TCF12,TCF7L2,TFAP2A,TFAP2C,THAP1,TP73,USF1,XBP1,ZBTB7B,ZEB1,ZKSCAN1,ZNF143,ZNF263,ZNF384"
"37","Treg","P1_2020Oct, P3_2023Jan","2","CD103","1","AR"
"38","Treg","P1_2020Oct, P3_2023Jan","2","CD11b","43","AR,ARID3A,ASCL2,ATF1,BARX2,BATF,CDX2,CEBPA,E2F7,E2F8,EGR1,EHF,ETV6,FOS,FOXO3,GATA3,GATA4,GLIS1,HES1,HNF4A,HOXA1,IRF1,IRF2,KLF10,LHX2,MEF2A,MYBL2,MYC,MZF1,NFYA,NKX2-1,NR2F2,PAX6,POU2F2,RBPJ,RFX5,RXRG,SPIB,SRF,TBP,TCF4,THAP1,USF1"
"39","Treg","P1_2020Oct, P3_2023Jan","2","CD11c","61","AR,ARID3A,ATF1,ATF3,BACH2,BARX2,CEBPB,CEBPD,E2F7,E2F8,EGR1,EHF,ESR1,ESR2,ETV6,FOS,FOXA2,FOXD2,FOXK1,FOXO3,FOXP1,FOXP2,GATA3,GATA4,GLIS1,GRHL2,HNF4A,HOXC6,HSF1,IRF1,KLF10,KLF3,KMT2A,MEF2A,MEF2C,MYBL2,MYC,NFYA,NR2F2,PAX6,PBX3,PRDM1,RARG,RBPJ,RFX5,RUNX1,RXRG,SIX5,SMAD3,SP1,SP4,SPIB,STAT1,STAT4,TCF12,TCF4,TP73,USF1,USF2,ZNF143,ZNF384"
"40","Treg","P1_2020Oct, P3_2023Jan","2","CD14","27","AR,ASCL2,ATF1,CDX2,EGR1,ETV6,FOS,FOXA1,FOXO3,HES1,HNF4A,HOXA1,IRF1,KLF10,MNT,MYBL2,MYC,MZF1,NKX2-1,PAX6,POU2F2,RBPJ,RXRA,SPIB,SRF,TBP,THAP1"
"41","Treg","P1_2020Oct, P3_2023Jan","2","CD15","26","AR,ATF1,BATF,CDX2,CEBPA,EGR1,FOS,FOXO3,HOXA1,HOXC6,IRF1,KLF10,LHX2,MEF2A,MZF1,NFATC1,NFYA,NFYB,NKX2-1,NR5A2,PAX6,POU2F2,SPI1,SPIB,SRF,TBP"
"42","Treg","P1_2020Oct, P3_2023Jan","2","CD185","15","AR,ASCL2,ATF1,EHF,ETV6,FOXK1,FOXO3,GLIS1,GTF2I,HES1,POU2F2,RBPJ,RFX5,SPIB,THAP1"
"43","Treg","P1_2020Oct, P3_2023Jan","2","CD314","14","AR,ASCL2,ATF1,E2F4,ETV6,FOS,FOXO3,HINFP,HNF4G,KLF9,POU2F2,SPIB,TBP,THAP1"
"44","Treg","P1_2020Oct, P3_2023Jan","2","CD66b","30","AR,ATF1,BATF,CDX2,CEBPA,CEBPD,E2F8,EGR1,ETV6,FOS,FOXO3,FOXP1,GATA3,GATA4,HOXA1,HOXC6,IRF1,KLF10,MEF2A,MEF2C,MZF1,NR2F2,PAX6,POU2F2,RBPJ,SPIB,SRF,TBP,TCF4,TP73"
"45","Treg","P1_2020Oct, P3_2023Jan","2","CD69","21","AR,CEBPA,E2F6,ELF1,FOXM1,HIF1A,HOXB13,HOXC6,JUN,KLF1,LHX2,MEF2A,NFYA,NR2C2,NR5A2,PAX5,PAX6,PPARG,SP2,STAT5A,TCF3"
"46","Treg","P1_2020Oct, P3_2023Jan","2","CD107a","43","AR,ARID3A,ASCL2,ATF1,BARX2,CDX2,CEBPB,CEBPD,E2F7,E2F8,EGR1,EHF,ETV6,FOS,FOXA2,FOXK1,FOXO3,GATA3,GATA4,GLIS1,GTF2I,HES1,HNF4A,HOXA1,IRF1,KLF1,KLF10,MBD2,MNT,MYBL2,MYC,MZF1,NR2F2,PAX6,POU2F2,RBPJ,RXRG,SPIB,SRF,TBP,TCF4,THAP1,USF1"
"47","Treg","P1_2020Oct, P3_2023Jan","2","CD117","22","ARID3A,ASCL2,ATF1,CEBPB,E2F4,E2F7,EHF,FOXK1,FOXO3,GLIS1,GMEB1,GTF2I,HES1,HNF4A,HOXA1,KLF10,NR2F2,POU2F2,RXRG,STAT1,THAP1,TP63"
"48","Treg","P1_2020Oct, P3_2023Jan","2","CD134","55","ARID3A,ARNT,ASCL2,ATF1,ATF3,BACH2,BARX2,EGR1,ELK4,EPAS1,ESR2,ESRRA,ETS2,ETV4,ETV5,FOXA2,GLI2,GLIS1,GMEB1,GTF2I,HIF1A,HNF1B,HNF4A,HOXA4,HOXB13,HSF1,HSF2,KLF1,KLF10,KMT2A,MEF2A,MITF,NRF1,POU2F2,RARA,RELA,RUNX1,RUNX3,RXRG,SETDB1,SMAD3,SP2,SPIB,SREBF1,SRF,STAT2,TCF4,TEAD4,TFAP2A,TFAP2C,USF1,USF2,VDR,ZEB1,ZNF143"
"49","Treg","P1_2020Oct, P3_2023Jan","2","CD141","36","ARID3A,ASCL2,ATF1,CDX2,CEBPB,E2F7,E2F8,EGR1,EHF,ETV6,FOS,FOXK1,FOXO3,GATA1,GATA3,GATA4,GLIS1,GTF2I,HES1,HNF4A,HOXA1,IRF1,KLF10,MAFK,MNT,MYC,MZF1,POU2F2,RBPJ,RFX5,RXRG,SETDB1,SPIB,TBP,THAP1,USF1"
"50","Treg","P1_2020Oct, P3_2023Jan","2","CD278","42","ARID3A,ARNT,ATF2,CLOCK,E2F7,E2F8,ELK1,ETS2,ETV1,ETV7,FOSL1,FOXP1,FOXP2,FOXP3,GATA1,GATA2,GTF2B,HIF1A,HOXA4,JUN,JUND,KLF4,MAF,MBD2,MEIS1,MITF,NANOG,NR2C2,NR5A2,PAX6,PBX1,PBX3,POU2F1,PRDM1,RFX2,SNAI2,SREBF1,STAT2,STAT3,TFAP2C,TFDP1,ZEB1"
"51","Treg","P1_2020Oct, P3_2023Jan","2","CD195","30","ARNT,E2F1,E2F6,ELK4,EPAS1,ESRRA,ETV5,GLI2,HIF1A,HOXB13,IRF2,KLF1,MBD2,MEF2A,MEF2C,NR2C2,PAX5,POU2F1,RARA,RUNX2,RUNX3,SETDB1,SP2,SREBF1,STAT5A,TCF21,TCF3,TEAD4,TFAP2C,ZEB1"
"52","Treg","P1_2020Oct, P3_2023Jan","2","CD45RA","29","ARNT,ASCL2,ATF1,ATF2,CDX2,E2F3,EGR1,ETV6,FOS,FOXO3,HEY1,HOXA1,IKZF1,IRF3,LHX2,MNT,MZF1,NFATC1,NKX2-1,NRF1,PAX6,POU2F2,SPI1,SPIB,SRF,STAT5A,TBP,TCF7L2,ZNF263"
"53","Treg","P1_2020Oct, P3_2023Jan","2","CD81","29","ARNT,E2F1,E2F2,E2F6,ELK4,FOSL2,FOXP3,GLI2,HIF1A,HOXB13,IRF2,KLF1,KMT2A,MEF2A,NR2C2,NR3C1,PAX5,PPARG,RELA,RUNX3,SMAD3,SP2,STAT2,STAT3,STAT5A,TCF3,TCF4,TEAD4,ZEB1"
"54","Treg","P1_2020Oct, P3_2023Jan","2","CD223","3","ASCL2,ELK3,POU2F2"
"55","Treg","P1_2020Oct, P3_2023Jan","2","CD274","21","ASCL2,ATF1,CDX2,E2F4,ELK3,FOS,FOXO3,HES1,HOXA1,IRF2,KLF1,MYBL2,MZF1,NFATC1,NKX2-1,POU2F2,RXRA,SETDB1,SPIB,SRF,TBP"
"56","Treg","P1_2020Oct, P3_2023Jan","2","CD30","19","ASCL2,ATF1,CDX2,EGR1,ETV6,FOS,FOXO3,GLIS1,HES1,HNF4A,HNF4G,HOXA1,MYC,MZF1,POU2F2,RBPJ,SPIB,SRF,TBP"
"57","Treg","P1_2020Oct, P3_2023Jan","2","CD304","5","ASCL2,FOXO3,SPIB,SRF,TBP"
"58","Treg","P1_2020Oct, P3_2023Jan","2","CD123","14","ATF1,E2F7,EGR1,ETV6,FOS,FOXO3,GATA4,HNF4A,KLF10,MYBL2,MYC,RBPJ,SPIB,USF1"
"59","Treg","P1_2020Oct, P3_2023Jan","2","CD137","23","ATF1,ATF3,BACH2,BCL11A,EGR1,EPAS1,ESR2,GTF2I,HOXB13,JUND,MZF1,NFE2,NR3C1,PGR,RUNX1,RXRG,SETDB1,SP2,STAT3,TCF4,TFAP2A,ZBTB33,ZNF76"
"60","Treg","P1_2020Oct, P3_2023Jan","2","CD254","20","ATF1,CDX2,ELK3,FOS,FOSL2,FOXK1,FOXO3,GMEB2,HES1,HOXA1,IRF1,MNT,MZF1,NKX2-1,POU2F2,RFX5,RXRG,SPIB,SRF,TBP"
"61","Treg","P1_2020Oct, P3_2023Jan","2","TCRVdelta2","11","ATF1,CDX2,E2F7,EGR1,GLIS1,HES1,HOXA1,IRF1,MYC,POU2F2,SPIB"
"62","Treg","P1_2020Oct, P3_2023Jan","2","CD133","11","ATF1,E2F4,ETV6,ETV7,GLIS1,GTF2I,HES1,MAX,POU2F2,THAP1,TP63"
"63","Treg","P1_2020Oct, P3_2023Jan","2","CD161","6","ATF2,E2F3,GMEB2,MZF1,POU2F2,TBP"
"64","Treg","P1_2020Oct, P3_2023Jan","2","CD357","12","BACH2,EPAS1,ESR2,ETV6,GTF2I,NFE2,NR2F2,NR3C1,RBPJ,SETDB1,TCF4,USF1"
"65","Treg","P1_2020Oct, P3_2023Jan","2","CD25","13","BCL11A,ELF1,FOXP3,MAF,MBD2,MEIS1,NFYA,NR3C1,SETDB1,SP4,STAT5A,ZFX,ZNF263"
"66","Treg","P1_2020Oct, P3_2023Jan","2","CD197","15","CDX2,EGR1,ETV6,FOS,GATA4,MAX,MEF2A,MEF2C,MYB,MZF1,PAX6,SPIB,TCF4,THAP1,USF1"
"67","Treg","P1_2020Oct, P3_2023Jan","2","KLRG1","11","CDX2,GMEB2,HES1,HNF1B,KLF1,KLF9,MAX,MYB,NR5A2,SPIB,THAP1"
"68","Treg","P1_2020Oct, P3_2023Jan","2","CD27","22","E2F4,ELF1,FOXA1,FOXM1,GATA3,GLI2,GLIS1,GMEB2,HES1,HNF1B,HNF4G,IRF3,NFE2,NKX2-1,RUNX2,SIX5,STAT5A,TAL1,TFAP2A,TP63,ZNF143,ZNF384"
"69","Treg","P1_2020Oct, P3_2023Jan","2","CD206","1","E2F4"
"70","Treg","P1_2020Oct, P3_2023Jan","2","CD366","9","EBF1,ETV6,ETV7,FOXP3,GLI2,MEF2C,NFAT5,STAT5B,THAP1"
"71","Treg","P1_2020Oct, P3_2023Jan","2","CD38","21","EBF1,FOXM1,GLI2,HIF1A,HOXB13,IRF2,IRF3,KLF1,MEF2C,NFAT5,NFATC1,NFIC,NKX2-1,PAX5,PPARG,RARG,SP2,SRF,STAT5B,VEZF1,ZKSCAN1"
"72","Treg","P1_2020Oct, P3_2023Jan","2","CD152","11","EPAS1,ETV6,FOXD2,GLI2,KLF9,MEF2A,RUNX3,SMAD3,STAT3,TFAP2A,THAP1"
"73","Treg","P1_2020Oct, P3_2023Jan","2","CD127","11","ETV6,HIF1A,HNF1B,IRF2,MAX,MEF2C,RARA,RUNX3,SREBF1,TFDP1,THAP1"
"74","Treg","P1_2020Oct, P3_2023Jan","2","CD95","2","FOXA1,FOXP3"
"75","Treg","P1_2020Oct, P3_2023Jan","2","CD273","2","FOXK1,REST"
"76","Treg","P1_2020Oct, P3_2023Jan","2","CD40","2","FOXP3,IRF2"
"77","Treg","P1_2020Oct, P3_2023Jan","2","CD28","1","GATA2"
"78","Treg","P1_2020Oct, P3_2023Jan","2","CD62L","1","HEY1"
"79","Treg","P1_2020Oct, P3_2023Jan","2","CD56","1","RUNX3"
"80","Bcell","P1_2020Oct, P3_2023Jan","2","CD11b","110","AHR,ARNTL,ATF3,BACH1,BATF,BCL11A,BCL6,CEBPA,CEBPD,E2F1,E2F2,E2F3,E2F4,E2F6,E2F7,E2F8,EGR1,EGR2,EHF,ELF1,ELK3,ELK4,EPAS1,ESR1,ESR2,ESRRA,ETS2,ETV5,ETV7,FOXD2,FOXH1,FOXM1,FOXP1,GATA4,GLI2,GLIS1,GMEB1,GMEB2,GRHL2,GTF2B,HES1,HINFP,HNF1B,HOXA4,HOXB13,HOXC6,HSF1,HSF2,IRF2,IRF3,JUN,JUND,KLF3,KLF4,KLF9,KMT2A,MAF,MAFK,MAX,MEF2C,MEIS1,MYBL2,NANOG,NFAT5,NFYA,NKX2-1,NR2F2,NR5A2,NRF1,PBX1,PBX3,PGR,POU2F2,PPARG,PRDM1,RARA,RARG,RBPJ,RELA,REST,RFX2,RFX5,RUNX1,RUNX2,RUNX3,RXRA,RXRG,SETDB1,SIX5,SMAD3,SPDEF,SPI1,SPIB,STAT2,STAT4,STAT5B,STAT6,TAL1,TBP,TCF12,TCF21,TCF7L2,TEAD4,TFAP2C,TFAP4,THAP1,VEZF1,ZBTB33,ZBTB7A,ZEB1"
"81","Bcell","P1_2020Oct, P3_2023Jan","2","CD19","142","AHR,ARNT,ARNTL,ATF2,ATF3,BACH2,BARX2,BATF,BCL11A,BCL6,CDX2,CEBPA,CEBPD,CTCF,E2F1,E2F2,E2F3,E2F4,E2F6,E2F7,E2F8,EBF1,EGR1,EGR2,EHF,ELK1,ELK3,EPAS1,ESR1,ESR2,ESRRA,ETS2,ETV1,ETV5,ETV7,FOSL1,FOSL2,FOXH1,FOXO3,FOXP1,GATA3,GATA4,GFI1B,GLI2,GLIS1,GMEB1,GMEB2,GRHL2,GTF2B,HES1,HIF1A,HINFP,HNF1B,HOXA1,HOXA4,HOXB13,HOXC6,HSF2,IRF2,IRF3,JUN,JUNB,JUND,KLF1,KLF10,KLF3,KLF4,KLF9,KMT2A,LHX2,MAF,MAFF,MAFK,MAX,MECOM,MEF2A,MEF2C,MEIS1,MXI1,MYBL2,MYC,NANOG,NFE2,NFYA,NFYB,NR2C2,NR2F2,NR3C1,NR5A2,NRF1,PAX5,PAX6,PBX1,PBX3,PGR,POU2F1,POU2F2,PPARG,PRDM1,RARG,RBPJ,RELA,REST,RFX2,RFX5,RUNX1,RUNX2,RUNX3,RXRA,RXRG,SETDB1,SIX5,SMAD3,SP1,SP4,SPDEF,SPI1,SREBF1,SRF,STAT2,STAT3,STAT4,STAT5A,STAT5B,TAL1,TBP,TCF12,TCF21,TCF3,TCF4,TCF7L2,TFAP2A,TFAP2C,TFAP4,THAP1,USF2,ZBTB33,ZBTB7A,ZEB1,ZNF143,ZNF263,ZNF76"
"82","Bcell","P1_2020Oct, P3_2023Jan","2","CD20","143","AHR,ARNT,ARNTL,ATF2,ATF3,BACH1,BACH2,BARX2,BATF,BCL11A,BCL6,BHLHE40,CDX2,CEBPA,CEBPD,CTCF,E2F1,E2F2,E2F3,E2F4,E2F6,E2F7,E2F8,EBF1,EGR1,EGR2,EHF,ELK1,EPAS1,ESR1,ESR2,ESRRA,ETS2,ETV1,ETV5,ETV7,FOSL1,FOXH1,FOXO3,FOXP1,GATA3,GATA4,GFI1B,GLI2,GLIS1,GMEB1,GMEB2,GRHL2,GTF2B,HES1,HIF1A,HINFP,HNF1B,HOXA1,HOXA4,HOXB13,HOXC6,HSF2,IRF2,IRF3,JUN,JUNB,JUND,KLF1,KLF10,KLF3,KLF4,KLF9,KMT2A,LHX2,MAF,MAFF,MAFK,MAX,MECOM,MEF2A,MEF2C,MEIS1,MYBL2,MYC,NANOG,NFE2,NFIC,NFYA,NFYB,NR2C2,NR2F2,NR3C1,NR5A2,NRF1,PAX5,PAX6,PBX1,PBX3,PGR,POU2F1,POU2F2,PPARG,PRDM1,RARG,RBPJ,RELA,REST,RFX2,RFX5,RUNX1,RUNX2,RUNX3,RXRA,RXRG,SETDB1,SIX5,SMAD3,SP1,SP4,SPDEF,SPI1,SREBF1,SRF,STAT2,STAT3,STAT4,STAT5A,STAT5B,TAL1,TBP,TBX21,TCF12,TCF21,TCF3,TCF4,TCF7L2,TFAP2A,TFAP2C,TFAP4,THAP1,USF2,ZBTB33,ZBTB7A,ZEB1,ZNF263,ZNF384,ZNF76"
"83","Bcell","P1_2020Oct, P3_2023Jan","2","CD27","35","AR,E2F1,E2F2,E2F3,EGR2,GATA1,GLI2,GLIS1,GMEB1,HINFP,HOXC6,JUN,JUND,KLF4,MECOM,MEIS1,MITF,MNT,NFAT5,NFE2,NFYA,PBX3,RELA,RFX2,RFX5,RUNX1,RUNX3,SP1,SP4,STAT4,STAT5B,TCF3,YY1,ZBTB33,ZNF143"
"84","Bcell","P1_2020Oct, P3_2023Jan","2","CD195","25","ARID3A,BATF,BCL6,E2F1,E2F3,E2F4,E2F8,ETS2,FOXP1,GATA4,HOXC6,HSF1,IRF1,MAF,MEIS1,NANOG,NRF1,PPARG,RARG,RUNX2,RUNX3,SPDEF,STAT2,TCF12,TFAP2C"
"85","Bcell","P1_2020Oct, P3_2023Jan","2","CD273","36","ARID3A,ATF3,BATF,BCL6,E2F3,EGR2,FOXD2,FOXP1,GLIS1,GMEB1,HES1,HOXC6,IRF1,IRF2,IRF4,JUND,KLF4,MAF,MEF2C,MEIS1,MITF,NKX2-1,NR2F2,NR5A2,PAX6,PBX3,PGR,PPARG,RARG,RUNX3,SPIB,TAL1,TCF12,TFAP2C,TFDP1,THAP1"
"86","Bcell","P1_2020Oct, P3_2023Jan","2","CD38","32","ARID3A,BATF,BCL6,E2F3,EBF1,ETV7,FOXD2,FOXH1,FOXM1,FOXP1,GLI2,GLIS1,HES1,HOXC6,HSF2,IRF1,IRF2,KLF4,MAF,MAFK,MEIS1,MXI1,NFATC1,NR5A2,PPARG,RARG,RFX2,SPDEF,TCF12,TFAP2C,ZBTB7B,ZNF76"
"87","Bcell","P1_2020Oct, P3_2023Jan","2","CD4","69","ARID3A,ARNTL,BATF,BCL11A,BCL6,CEBPA,CEBPD,E2F2,E2F3,E2F6,E2F7,EHF,ELK4,ESR1,ETV7,FOXD2,FOXH1,FOXM1,FOXP1,GATA4,GLI2,GLIS1,GMEB1,GMEB2,GRHL2,HES1,HINFP,HNF1B,HOXA1,HOXC6,HSF2,IRF2,KLF9,MAF,MAFK,MAX,MEF2C,MEIS1,MYB,NR2F2,NR5A2,NRF1,PBX3,POU2F2,PPARG,RARG,RBPJ,RELA,REST,RFX2,RFX5,RUNX1,RUNX2,RUNX3,RXRA,RXRG,SETDB1,SIX5,SMAD3,SPDEF,SPIB,STAT6,TBP,TCF12,TCF21,TFAP2C,THAP1,ZBTB33,ZBTB7A"
"88","Bcell","P1_2020Oct, P3_2023Jan","2","CD95","39","ARID3A,BCL11A,BCL6,E2F3,E2F6,ELF1,ELK4,ETV6,ETV7,FOXD2,FOXM1,FOXP1,GMEB1,HES1,HOXC6,HSF1,HSF2,IRF1,IRF2,IRF4,KLF9,MAF,MAFK,MEIS1,MITF,NANOG,NFATC1,NKX2-1,NR2F2,PPARG,RARG,RFX5,RUNX1,RUNX3,SPDEF,TCF12,TFAP2C,THAP1,ZNF76"
"89","Bcell","P1_2020Oct, P3_2023Jan","2","CD304","49","ARID3A,ATF3,BCL11A,BCL6,BHLHE40,CDX2,CEBPA,E2F3,E2F7,EHF,ESR1,ETV7,FOXD2,FOXH1,FOXP1,GLI2,HES1,HOXA4,HOXB13,HOXC6,HSF2,IRF2,JUND,LHX2,MAF,MAFF,MAFK,MEIS1,MYB,NFYA,NR2C2,NR2F2,PGR,POU2F2,PPARG,PRDM1,REST,RFX2,RUNX3,SPDEF,SPIB,STAT5B,TAL1,TCF12,TCF3,TCF7L2,TEAD4,TFAP2C,THAP1"
"90","Bcell","P1_2020Oct, P3_2023Jan","2","CD185","26","ARNT,ATF2,BACH2,E2F2,E2F6,E2F7,ELK1,ELK3,ETV1,GTF2B,HINFP,HSF1,IRF3,JUN,MEF2A,NFYB,NR2F2,PRDM1,SETDB1,SPIB,STAT4,STAT5B,STAT6,TCF7L2,TFAP2A,ZNF263"
"91","Bcell","P1_2020Oct, P3_2023Jan","2","CD39","20","ARNT,CDX2,ELK4,ETV6,FOS,FOXM1,GATA2,HEY1,HNF4A,HNF4G,HOXB13,KLF1,MAFF,MYC,NFATC1,NFIC,PAX5,PAX6,POU2F1,SRF"
"92","Bcell","P1_2020Oct, P3_2023Jan","2","CD45RA","137","ARNT,ARNTL,ATF2,ATF3,BACH1,BACH2,BARX2,BATF,BCL11A,BCL6,CEBPA,CEBPD,CTCF,E2F1,E2F2,E2F3,E2F4,E2F6,E2F7,E2F8,EGR1,EGR2,EHF,ELK1,ELK3,EPAS1,ESR1,ESR2,ESRRA,ETS2,ETV1,ETV5,ETV7,FOS,FOSL1,FOXD2,FOXH1,FOXK1,FOXO3,FOXP1,GATA2,GATA3,GATA4,GFI1B,GLI2,GLIS1,GMEB1,GMEB2,GRHL2,GTF2B,HES1,HINFP,HNF1B,HOXA1,HOXB13,HOXC6,HSF2,IRF2,IRF3,JUN,JUNB,JUND,KLF1,KLF10,KLF3,KLF4,KLF9,LHX2,MAF,MAFF,MAFK,MAX,MECOM,MEF2C,MEIS1,MYBL2,MYC,NANOG,NFE2,NFYA,NFYB,NKX2-1,NR2F2,NR3C1,NR5A2,NRF1,PAX5,PAX6,PBX1,PBX3,PGR,POU2F1,POU2F2,PPARG,PRDM1,RBPJ,RELA,REST,RFX2,RFX5,RUNX1,RUNX2,RUNX3,RXRA,RXRG,SETDB1,SIX5,SMAD3,SP1,SP4,SPDEF,SPI1,SREBF1,SRF,STAT2,STAT4,STAT5B,TAL1,TBP,TBX21,TCF12,TCF21,TCF3,TCF4,TCF7L2,TFAP2C,TFAP4,THAP1,TP63,USF1,ZBTB33,ZBTB7A,ZBTB7B,ZEB1,ZNF263,ZNF384,ZNF76"
"93","Bcell","P1_2020Oct, P3_2023Jan","2","CD11c","105","ARNTL,ASCL2,ATF3,BACH1,BATF,BCL11A,BCL6,CEBPA,CEBPD,E2F1,E2F2,E2F3,E2F4,E2F6,E2F7,E2F8,EGR2,EHF,ELF1,ELK1,ELK3,ELK4,EPAS1,ESR1,ESR2,ESRRA,ETS2,ETV5,ETV6,ETV7,FOXD2,FOXH1,FOXM1,FOXP1,GATA4,GLI2,GLIS1,GMEB1,GMEB2,GRHL2,GTF2B,HES1,HINFP,HNF1B,HOXA4,HOXC6,HSF1,HSF2,IRF2,IRF3,JUN,JUND,KLF3,KLF4,KLF9,KMT2A,MAF,MAFK,MAX,MEF2C,MEIS1,NANOG,NFAT5,NKX2-1,NR2F2,NR5A2,NRF1,PBX3,PGR,POU2F2,PPARG,PRDM1,RARA,RARG,RBPJ,RELA,REST,RFX2,RFX5,RUNX1,RUNX2,RUNX3,RXRA,RXRG,SETDB1,SIX5,SMAD3,SNAI2,SPDEF,SPI1,SPIB,SREBF1,STAT2,STAT6,TBP,TCF12,TCF21,TCF7L2,TFAP2C,THAP1,VEZF1,ZBTB7A,ZEB1,ZFX,ZNF384"
"94","Bcell","P1_2020Oct, P3_2023Jan","2","CD14","87","ARNTL,BACH1,BATF,BCL11A,BCL6,CEBPA,CEBPD,E2F1,E2F2,E2F3,E2F4,E2F6,E2F8,EBF1,EHF,ELF1,ELK3,ELK4,EPAS1,ESR1,ESRRA,ETS2,ETV5,ETV6,ETV7,FOSL2,FOXD2,FOXH1,FOXM1,FOXP1,GATA4,GLI2,GLIS1,GMEB1,GRHL2,HES1,HINFP,HOXC6,HSF1,HSF2,IRF1,IRF2,IRF3,JUN,KLF3,KLF4,KLF9,KMT2A,MAF,MAFK,MEIS1,MITF,MYB,NANOG,NFAT5,NFATC1,NFE2,NR2F2,NR5A2,NRF1,PBX3,POU2F2,PPARG,RARA,RARG,RELA,REST,RFX2,RFX5,RUNX1,RUNX2,RUNX3,RXRA,SETDB1,SIX5,SMAD3,SPDEF,SPIB,STAT2,TBP,TCF12,TCF21,TFAP2C,THAP1,VDR,ZBTB7B,ZNF384"
"95","Bcell","P1_2020Oct, P3_2023Jan","2","CD40","51","ARNTL,ATF2,BACH2,BATF,BCL11A,BCL6,BHLHE40,CEBPD,CLOCK,CTCF,ELK1,ESR2,ETV1,ETV7,FOS,FOSL1,FOXD2,FOXH1,FOXO3,FOXP1,GFI1B,GLI2,GLIS1,GMEB2,HOXB13,HSF1,HSF2,IRF2,JUNB,KLF1,KLF10,KLF4,LHX2,MAF,MAFK,MEF2A,NFIC,NKX2-1,NR2C2,POU2F1,REST,RXRA,SMAD3,SPIB,SRF,STAT6,TCF3,TEAD4,TFAP2C,ZEB1,ZNF76"
"96","Bcell","P1_2020Oct, P3_2023Jan","2","CD66b","70","ASCL2,ATF3,BCL11A,BCL6,BHLHE40,CEBPA,CEBPD,E2F3,E2F4,E2F6,EGR2,ELF1,ESR1,ETV7,FOSL1,FOXD2,FOXP1,GLI2,GMEB1,GMEB2,GRHL2,GTF2I,HES1,HNF1B,HOXA4,HOXB13,HSF2,IRF2,JUNB,JUND,KLF9,LHX2,MAF,MAFF,MAFK,MAX,MEF2C,MNT,MYBL2,MYC,NANOG,NFYA,NKX2-1,NR2C2,NR2F2,NR5A2,PAX6,PBX3,PGR,POU2F2,RARG,RBPJ,RELA,REST,RFX2,RXRA,RXRG,SIX5,SMAD3,SPDEF,SPIB,SRF,STAT6,TAL1,TCF12,TEAD4,TFAP2C,TFAP4,THAP1,ZEB1"
"97","Bcell","P1_2020Oct, P3_2023Jan","2","CD15","55","ATF2,ATF3,BCL11A,BCL6,BHLHE40,CDX2,CEBPA,CEBPD,E2F3,ELF1,ETV7,FOSL1,FOXD2,FOXO3,FOXP1,GATA2,GLI2,GMEB1,GMEB2,GTF2I,HES1,HNF1B,HOXB13,HSF2,JUNB,JUND,LHX2,MAF,MAFF,MAFK,MAX,MEF2C,MYC,NANOG,NFYA,NKX2-1,NR2C2,NR5A2,PAX6,RBPJ,REST,RXRA,SP4,SPDEF,SPIB,SRF,STAT1,STAT3,STAT6,TAL1,TCF12,TCF3,TFAP2C,TFAP4,ZEB1"
"98","Bcell","P1_2020Oct, P3_2023Jan","2","CD62L","7","ATF2,ELK1,HSF1,MEF2A,NFATC1,NFYB,STAT4"
"99","Bcell","P1_2020Oct, P3_2023Jan","2","CD103","13","ATF3,BCL6,FOXD2,GLI2,GMEB1,IRF4,KLF4,NKX2-1,PAX6,STAT6,TAL1,TCF12,THAP1"
"100","Bcell","P1_2020Oct, P3_2023Jan","2","CD117","16","ATF3,BCL11A,BCL6,E2F6,GMEB1,HES1,IRF1,IRF2,LHX2,MEF2C,NR2C2,PAX6,TAL1,TCF12,TFDP1,THAP1"
"101","Bcell","P1_2020Oct, P3_2023Jan","2","CD134","27","ATF3,BCL11A,BHLHE40,E2F7,EHF,ETV7,FOSL1,FOXP1,GRHL2,HES1,HOXA4,IRF2,MAFK,MAX,MEF2C,POU2F2,REST,RXRG,SMAD3,SPDEF,STAT3,STAT6,TCF3,TEAD4,THAP1,ZBTB7A,ZEB1"
"102","Bcell","P1_2020Oct, P3_2023Jan","2","CD314","25","ATF3,BATF,BCL6,E2F6,EGR2,FOXD2,FOXP1,GMEB1,HES1,HOXA4,HOXB13,JUND,MAFF,MEF2C,MYC,NR2F2,NR5A2,PAX6,SPIB,STAT6,TAL1,TCF12,TEAD4,TFAP2C,TFAP4"
"103","Bcell","P1_2020Oct, P3_2023Jan","2","CD366","41","ATF3,BATF,BCL11A,BCL6,E2F3,E2F4,ETV7,FOXD2,FOXM1,FOXP1,GATA4,GMEB1,HES1,HOXC6,HSF1,HSF2,IRF1,IRF2,MAF,MAFK,MEIS1,MITF,NANOG,NR2F2,NRF1,PBX3,PPARG,RARG,RELA,RUNX2,RUNX3,SP1,SPDEF,SPIB,TAL1,TCF12,TCF3,TFAP2C,THAP1,ZBTB33,ZNF76"
"104","Bcell","P1_2020Oct, P3_2023Jan","2","HLA.DR","92","ATF3,BACH1,BARX2,BATF,BCL11A,BCL6,BHLHE40,CDX2,CEBPA,CEBPD,CLOCK,CTCF,E2F2,E2F4,EGR2,EHF,ELK4,ESR1,ETV6,ETV7,FOS,FOSL1,FOXD2,FOXH1,FOXO3,FOXP1,GATA2,GFI1B,GLI2,GLIS1,GMEB1,GMEB2,GRHL2,GTF2I,HES1,HEY1,HNF1B,HNF4A,HNF4G,HOXA1,HOXA4,HOXB13,HSF2,JUNB,JUND,KLF1,KLF10,KLF4,LHX2,MAFF,MAFK,MAX,MEF2C,MYC,NANOG,NFATC1,NFIC,NFYA,NKX2-1,NR2F2,NR3C1,NR5A2,PAX5,PAX6,PBX3,PGR,POU2F1,POU2F2,PRDM1,RBPJ,RELA,RUNX3,RXRA,RXRG,SETDB1,SIX5,SMAD3,SP4,SPDEF,SPIB,SREBF1,SRF,STAT5B,STAT6,TAL1,TCF3,TCF4,TEAD4,TFAP2A,TFAP4,USF1,ZEB1"
"105","Bcell","P1_2020Oct, P3_2023Jan","2","CD133","28","ATF3,BCL11A,BCL6,CEBPA,E2F3,E2F7,ESR1,ETS2,ETV7,FOXD2,FOXP1,GRHL2,HES1,IRF2,KLF3,MEF2C,NR2F2,POU2F2,RARG,RXRG,SIX5,SPDEF,STAT6,TAL1,TCF12,TCF3,TCF4,TCF7L2"
"106","Bcell","P1_2020Oct, P3_2023Jan","2","CD194","24","BATF,BCL6,E2F3,FOXD2,FOXM1,FOXP1,GATA4,GMEB1,HES1,IRF1,IRF4,KLF4,MAF,MEIS1,MITF,NANOG,PPARG,RARG,RUNX3,SPDEF,SPIB,TCF12,TFAP2C,TFDP1"
"107","Bcell","P1_2020Oct, P3_2023Jan","2","CD141","19","BCL6,E2F3,FOXM1,FOXP1,HES1,HOXC6,IRF1,KLF4,MAF,MEIS1,NRF1,PBX3,PPARG,RARG,RELA,RUNX3,TCF12,TFAP2C,THAP1"
"108","Bcell","P1_2020Oct, P3_2023Jan","2","CD223","7","BCL6,HES1,IRF1,IRF4,RARA,TCF12,THAP1"
"109","Bcell","P1_2020Oct, P3_2023Jan","2","CD274","5","BCL6,HES1,IRF1,MXI1,TCF12"
"110","Bcell","P1_2020Oct, P3_2023Jan","2","CD278","8","BCL6,CLOCK,FOXD2,HNF4A,IRF1,SPIB,TCF12,TCF3"
"111","Bcell","P1_2020Oct, P3_2023Jan","2","CD28","4","BCL6,FOXK1,HES1,IRF1"
"112","Bcell","P1_2020Oct, P3_2023Jan","2","KLRG1","8","BCL6,E2F3,ETV7,FOXP1,MAFK,SPDEF,SPIB,TCF12"
"113","Bcell","P1_2020Oct, P3_2023Jan","2","TIGIT","8","BCL6,E2F3,FOXD2,HES1,HOXC6,PPARG,TCF12,THAP1"
"114","Bcell","P1_2020Oct, P3_2023Jan","2","CD107a","8","BCL6,E2F3,ELK4,FOS,FOXM1,IRF1,NFATC1,TCF12"
"115","Bcell","P1_2020Oct, P3_2023Jan","2","CD1c","5","ELK1,ETV1,KLF9,USF2,ZBTB7B"
"116","Bcell","P1_2020Oct, P3_2023Jan","2","CD81","11","ELK4,ETV6,FOS,FOXM1,FOXO3,HIF1A,IRF1,KLF1,NFATC1,NR3C1,STAT5A"
"117","Bcell","P1_2020Oct, P3_2023Jan","2","CD254","3","HES1,MXI1,TCF12"
"118","Bcell","P1_2020Oct, P3_2023Jan","2","CD152","5","HNF4A,IRF1,KLF5,TCF4,TFDP1"
"119","Bcell","P1_2020Oct, P3_2023Jan","2","CD69","1","HSF1"
"120","Bcell","P1_2020Oct, P3_2023Jan","2","TCRVdelta2","1","MYB"
"121","Bcell","P1_2020Oct, P3_2023Jan","2","CD25","2","TCF12,THAP1"
"122","Bcell","P1_2020Oct, P3_2023Jan","2","CD30","1","TCF12"
"123","Malignant_epithelial","P1_2020Oct, P2_2021Mar, P3_2023Jan","3","CD14","9","ARID3A,ATF3,ETS2,GMEB2,HIF1A,PPARG,RUNX3,STAT3,TP63"
"124","Malignant_epithelial","P1_2020Oct, P2_2021Mar, P3_2023Jan","3","CD107a","15","ARID3A,BARX2,E2F1,FOXD2,HOXA4,HOXC6,HSF2,MEIS1,MYBL2,PGR,PRDM1,RUNX3,STAT3,STAT5A,TCF3"
"125","Malignant_epithelial","P1_2020Oct, P2_2021Mar, P3_2023Jan","3","CD81","14","ARNT,BARX2,CEBPD,ESRRA,GATA3,GMEB2,HINFP,HOXC6,HSF1,MAX,POU2F2,RUNX1,TCF3,THAP1"
"126","Malignant_epithelial","P1_2020Oct, P2_2021Mar, P3_2023Jan","3","CD304","4","ATF3,HSF2,LHX2,RUNX3"
"127","Malignant_epithelial","P1_2020Oct, P2_2021Mar, P3_2023Jan","3","HLA.DR","6","BARX2,CLOCK,GMEB2,STAT3,STAT4,TP63"
"128","Malignant_epithelial","P1_2020Oct, P2_2021Mar, P3_2023Jan","3","CD141","9","BCL11A,ELF1,ETV1,FOXA2,HEY1,HOXA1,RARG,VEZF1,ZNF263"
"129","Malignant_epithelial","P1_2020Oct, P2_2021Mar, P3_2023Jan","3","CD95","16","CLOCK,EHF,ETS2,ETV1,FOXM1,GATA3,GMEB2,IRF1,MAX,MEF2C,MYB,MYC,POU2F1,RXRA,THAP1,ZBTB7B"
"130","Malignant_epithelial","P1_2020Oct, P2_2021Mar, P3_2023Jan","3","CD66b","1","E2F1"
"131","Malignant_epithelial","P1_2020Oct, P2_2021Mar, P3_2023Jan","3","CD194","6","ELK1,ELK3,GMEB2,IRF3,STAT3,TP63"
"132","Malignant_epithelial","P1_2020Oct, P2_2021Mar, P3_2023Jan","3","CD15","2","ELK3,GMEB2"
"133","Malignant_epithelial","P1_2020Oct, P2_2021Mar, P3_2023Jan","3","CD20","1","ELK3"
"134","Malignant_epithelial","P1_2020Oct, P2_2021Mar, P3_2023Jan","3","CD25","1","ELK3"
"135","Malignant_epithelial","P1_2020Oct, P2_2021Mar, P3_2023Jan","3","CD11c","1","ETV7"
"136","Malignant_epithelial","P1_2020Oct, P2_2021Mar, P3_2023Jan","3","CD273","1","HNF4G"
"137","Malignant_epithelial","P1_2020Oct, P2_2021Mar, P3_2023Jan","3","CD45RA","1","IRF3"
"138","Malignant_epithelial","P1_2020Oct, P2_2021Mar, P3_2023Jan","3","CD197","1","REST"
"139","Malignant_epithelial","P1_2020Oct, P2_2021Mar, P3_2023Jan","3","CD278","1","TP63"
"140","Malignant_epithelial","P1_2020Oct, P2_2021Mar, P3_2023Jan","3","CD28","1","TP63"
"141","Malignant_epithelial","P1_2020Oct, P2_2021Mar, P3_2023Jan","3","CD39","1","TP63"
"142","Malignant_epithelial","P1_2020Oct, P2_2021Mar, P3_2023Jan","3","CD4","1","TP63"
"143","Malignant_epithelial","P1_2020Oct, P2_2021Mar, P3_2023Jan","3","CD40","1","TP63"
"144","CD4Tcell","P1_2020Oct, P2_2021Mar, P3_2023Jan","3","CD27","31","AHR,ARID3A,ARNT,ASCL2,ATF1,ATF2,BHLHE40,E2F1,E2F4,EGR2,ELK3,FOXH1,GLI2,HES1,KLF10,MYB,NANOG,NFE2,NKX2-1,RARA,RFX5,RUNX2,SPI1,STAT3,TAL1,TCF7L2,TFAP4,XBP1,ZBTB7A,ZBTB7B,ZNF76"
"145","CD4Tcell","P1_2020Oct, P2_2021Mar, P3_2023Jan","3","CD45RA","43","AR,ASCL2,ATF3,BACH1,BACH2,CDX2,CEBPA,CEBPB,CEBPD,CLOCK,E2F7,EBF1,EGR2,ELK1,EPAS1,FOXD2,FOXO3,FOXP1,GLIS1,GMEB2,HEY1,HNF1B,HSF2,IRF2,IRF4,KLF4,MAFF,MECOM,MEF2A,NR2F2,PAX6,POU2F2,RUNX2,RXRA,RXRG,SP2,TBX21,TCF3,TFDP1,TP63,TP73,YY1,ZNF263"
"146","CD4Tcell","P1_2020Oct, P2_2021Mar, P3_2023Jan","3","CD28","33","ARID3A,ATF2,BCL6,CEBPA,CTCF,E2F7,ELK3,ESR1,ETV7,FOXH1,GLI2,GMEB2,GTF2B,IRF1,KLF1,KLF3,MECOM,NANOG,NKX2-1,NR2F2,POU2F2,RARA,RUNX2,RXRA,SNAI2,SPIB,STAT1,STAT3,STAT5B,TCF12,TFDP1,XBP1,YY1"
"147","CD4Tcell","P1_2020Oct, P2_2021Mar, P3_2023Jan","3","CD69","16","ATF1,ATF2,E2F8,EHF,ETS2,FOS,FOSL1,GATA2,IRF1,MYC,NFATC1,NFYB,PBX3,POU2F2,SNAI2,SP1"
"148","CD4Tcell","P1_2020Oct, P2_2021Mar, P3_2023Jan","3","CD314","25","ATF3,BARX2,BCL6,CEBPA,CTCF,ETV6,FOXH1,FOXP1,GMEB2,HES1,HNF1B,IRF4,MAFK,MYC,NR2F2,NRF1,PRDM1,RFX2,SETDB1,SPIB,STAT5B,TFAP4,TFDP1,YY1,ZKSCAN1"
"149","CD4Tcell","P1_2020Oct, P2_2021Mar, P3_2023Jan","3","CD4","22","CEBPA,CTCF,EBF1,FOXH1,GMEB2,HES1,HOXA4,HSF1,IRF1,JUNB,NKX2-1,NR2F2,RFX2,RUNX2,SETDB1,SOX17,SPIB,STAT1,STAT5B,TFDP1,ZBTB7B,ZNF76"
"150","CD4Tcell","P1_2020Oct, P2_2021Mar, P3_2023Jan","3","CD62L","6","CEBPD,ELK3,JUND,MAX,MYC,TCF21"
"151","CD4Tcell","P1_2020Oct, P2_2021Mar, P3_2023Jan","3","CD127","4","E2F4,ELK3,NANOG,RELA"
"152","CD4Tcell","P1_2020Oct, P2_2021Mar, P3_2023Jan","3","CD195","6","E2F6,ESR2,GATA2,MEF2A,PRDM1,ZNF263"
"153","CD4Tcell","P1_2020Oct, P2_2021Mar, P3_2023Jan","3","CD56","2","FOXH1,TBP"
"154","CD4Tcell","P1_2020Oct, P2_2021Mar, P3_2023Jan","3","CD38","2","FOXP2,NFE2"
"155","CD4Tcell","P1_2020Oct, P2_2021Mar, P3_2023Jan","3","CD279","2","PAX5,VEZF1"
"156","NKcell","P1_2020Oct, P2_2021Mar, P3_2023Jan","3","CD11c","6","AR,BHLHE40,EHF,FOXM1,RFX5,TFAP2A"
"157","NKcell","P1_2020Oct, P2_2021Mar, P3_2023Jan","3","CD161","4","ARID3A,CLOCK,ELK1,KLF5"
"158","NKcell","P1_2020Oct, P2_2021Mar, P3_2023Jan","3","CD103","18","BCL6,E2F7,FOXM1,GLIS1,HNF4A,MAFF,MAFK,MYBL2,RELA,RFX2,SPI1,TBX21,TP73,USF2,VDR,VEZF1,XBP1,ZNF384"
"159","NKcell","P1_2020Oct, P2_2021Mar, P3_2023Jan","3","CD366","2","BHLHE40,MAFK"
"160","NKcell","P1_2020Oct, P2_2021Mar, P3_2023Jan","3","CD38","11","E2F4,ESR2,FOXP2,GATA1,JUND,MAF,NFYA,PGR,REST,TBX21,ZBTB7A"
"161","NKcell","P1_2020Oct, P2_2021Mar, P3_2023Jan","3","CD56","2","EBF1,TP63"
"162","NKcell","P1_2020Oct, P2_2021Mar, P3_2023Jan","3","CD45RA","2","ETV7,JUN"
"163","NKcell","P1_2020Oct, P2_2021Mar, P3_2023Jan","3","CD69","7","FOXM1,FOXP1,KLF4,POU2F2,RELA,TP73,ZNF384"
"164","NKcell","P1_2020Oct, P2_2021Mar, P3_2023Jan","3","CD27","3","SPDEF,TBX21,TFDP1"
"165","NKcell","P1_2020Oct, P2_2021Mar, P3_2023Jan","3","HLA.DR","1","TFAP2C"
"166","cDC","P1_2020Oct, P3_2023Jan","2","CD11c","6","AHR,ATF1,E2F6,HOXA1,HOXA4,MYC"
"167","cDC","P1_2020Oct, P3_2023Jan","2","CD195","35","AHR,BARX2,BATF,CEBPA,E2F7,ELK1,ELK4,ESR2,ETV1,FOXO3,FOXP1,FOXP2,GATA4,HEY1,HOXA1,HOXA4,HSF1,IKZF1,IRF4,MAFF,MAX,MXI1,MYC,NFIC,PPARG,RARA,RXRG,SP1,SP4,STAT5A,TBX21,TEAD4,TFAP2A,TFAP2C,ZBTB33"
"168","cDC","P1_2020Oct, P3_2023Jan","2","HLA.DR","39","AHR,ARID3A,ARNTL,BACH2,BARX2,BATF,BCL6,E2F3,EBF1,ELK1,ESR2,ETV1,FOSL1,FOXD2,FOXH1,FOXO3,FOXP1,FOXP3,GATA4,GMEB1,GRHL2,HOXA4,HSF2,IKZF1,MECOM,MITF,NFIC,PPARG,RXRG,SETDB1,SP2,SP4,STAT1,TBP,TCF3,TEAD4,TFAP2A,TFAP2C,VEZF1"
"169","cDC","P1_2020Oct, P3_2023Jan","2","CD107a","10","AHR,BARX2,BATF,FOSL1,HOXA1,PPARG,SP2,TP73,USF1,VEZF1"
"170","cDC","P1_2020Oct, P3_2023Jan","2","CD39","23","AR,BARX2,CLOCK,EGR1,ETV1,FOXA2,FOXD2,FOXP3,GATA3,HES1,HNF4G,IKZF1,IRF1,JUND,KLF1,KLF3,MNT,NANOG,RARA,RUNX3,STAT5A,TP63,USF2"
"171","cDC","P1_2020Oct, P3_2023Jan","2","CD11b","66","ARNT,ATF2,BATF,CEBPA,E2F3,E2F7,EGR1,ELF1,ELK1,ELK3,ELK4,ETV1,FOXH1,FOXO3,FOXP1,FOXP2,FOXP3,GATA3,GATA4,GLIS1,GMEB1,HEY1,HNF1B,HNF4G,HOXA4,HOXC6,HSF1,IKZF1,IRF2,JUN,JUNB,KLF4,KMT2A,MAFF,MAX,MEF2A,NANOG,NFAT5,NFIC,NKX2-1,NR2C2,PPARG,RARA,RELA,RUNX2,RXRG,SIX5,SMAD3,SOX17,SP1,SP4,SPDEF,SPIB,STAT5A,STAT5B,TBP,TBX21,TCF3,TEAD4,TFAP2A,TFAP2C,TP63,VDR,VEZF1,ZBTB7A,ZNF263"
"172","cDC","P1_2020Oct, P3_2023Jan","2","CD14","57","ARNT,ARNTL,ATF1,BARX2,BATF,E2F3,E2F8,EGR1,ELK1,ELK3,ELK4,ETV1,ETV5,FOXH1,FOXO3,FOXP1,FOXP3,GATA4,GMEB1,GRHL2,HNF4G,HOXC6,IRF2,JUN,KLF4,KLF9,KMT2A,LHX2,MAFF,MAX,MEF2A,MEF2C,NANOG,NFAT5,NFIC,NFYA,NFYB,NR2C2,NR3C1,PPARG,RARA,RELA,RUNX3,RXRG,SNAI2,SOX17,SP1,SP4,SPDEF,STAT5B,TAL1,TCF3,TFAP2A,TFAP2C,TFAP4,ZEB1,ZNF263"
"173","cDC","P1_2020Oct, P3_2023Jan","2","CD81","45","ARNT,ATF1,BATF,BCL11A,E2F1,E2F8,ELK3,ELK4,ESRRA,ETV1,FOXH1,FOXO3,FOXP1,FOXP3,GATA2,GATA4,GLIS1,GMEB1,GRHL2,HOXC6,IRF2,JUNB,KLF4,KLF9,KMT2A,MAFF,MAX,MEF2A,MEF2C,NANOG,NFIC,NFYA,NR3C1,NRF1,PPARG,RARA,RELA,RXRG,SIX5,SP4,SPDEF,TAL1,TCF3,TFAP2C,ZNF263"
"174","cDC","P1_2020Oct, P3_2023Jan","2","CD1c","23","ASCL2,CEBPA,CEBPB,E2F1,EHF,FOSL2,FOXA2,GATA1,GATA3,HEY1,HNF4A,HOXA1,IRF1,KLF3,MEIS1,MYB,NFE2,PAX6,RXRA,SRF,TCF21,TFAP2A,ZEB1"
"175","cDC","P1_2020Oct, P3_2023Jan","2","CD141","53","ATF2,BACH1,CDX2,CEBPA,CEBPD,E2F4,E2F6,E2F8,ESR1,ETV7,FOXA2,FOXD2,HINFP,HNF4A,HSF2,IRF1,JUN,JUNB,JUND,KLF3,KLF5,KLF9,MAFF,MEF2A,MNT,MXI1,MYB,NFATC1,NRF1,PBX1,PBX3,PGR,POU2F1,POU2F2,RARA,RELA,RUNX3,SIX5,SP2,SRF,STAT4,STAT5A,TCF12,TCF4,TEAD4,TFAP4,USF2,VDR,YY1,ZBTB33,ZBTB7B,ZKSCAN1,ZNF384"
"176","cDC","P1_2020Oct, P3_2023Jan","2","CD40","18","BACH2,BATF,ETV1,ETV4,FOXK1,GMEB1,GMEB2,HOXA1,MAFF,MAFK,MEF2C,NFIC,RBPJ,RFX2,SETDB1,SP4,TP73,VEZF1"
"177","cDC","P1_2020Oct, P3_2023Jan","2","CD95","23","BARX2,BATF,E2F3,EBF1,ETV1,FOSL1,FOXP1,GATA1,HOXA1,HOXA4,IRF4,NFIC,PPARG,RXRG,SP1,SP2,SP4,TBX21,TFAP2C,TP73,VEZF1,ZBTB33,ZNF263"
"178","cDC","P1_2020Oct, P3_2023Jan","2","CD123","8","BATF,E2F8,FOXP2,HOXA1,IRF4,NFAT5,NFE2,ZBTB33"
"179","cDC","P1_2020Oct, P3_2023Jan","2","CD38","11","BATF,E2F7,FOXP2,GATA3,HOXA1,HOXA4,IRF1,MAFF,TP73,VDR,ZBTB33"
"180","cDC","P1_2020Oct, P3_2023Jan","2","CD4","6","BATF,GATA3,HSF1,IRF4,RFX2,ZBTB33"
"181","cDC","P1_2020Oct, P3_2023Jan","2","CD66b","3","BATF,TP73,VEZF1"
"182","cDC","P1_2020Oct, P3_2023Jan","2","CD69","30","BATF,CEBPA,ELF1,ELK1,ELK4,ESRRA,ETV1,FOXH1,FOXP1,FOXP3,GATA3,HEY1,IRF2,MAFF,MAX,MEF2A,NFYA,NR2C2,NR3C1,RUNX2,RXRG,SIX5,SOX17,SP1,SP4,SPDEF,TBX21,VDR,ZBTB7A,ZNF263"
"183","cDC","P1_2020Oct, P3_2023Jan","2","CD304","16","BATF,E2F3,EPAS1,ETV5,FOSL1,IRF3,NR5A2,PPARG,RXRG,SOX17,SP2,SP4,TP63,USF1,ZEB1,ZNF76"
"184","cDC","P1_2020Oct, P3_2023Jan","2","CD206","12","BATF,EGR2,ESR2,FOSL1,HOXA1,NR3C1,PPARG,SP2,SPIB,STAT1,USF1,VEZF1"
"185","cDC","P1_2020Oct, P3_2023Jan","2","CD117","2","CEBPA,USF1"
"186","cDC","P1_2020Oct, P3_2023Jan","2","CD274","14","CLOCK,ETV1,FOXP3,HOXA1,IRF2,KLF9,LHX2,MAFF,PPARG,SP4,TAL1,TP73,USF1,ZNF263"
"187","cDC","P1_2020Oct, P3_2023Jan","2","CD103","6","E2F6,HSF2,IRF1,SPI1,SRF,TP63"
"188","cDC","P1_2020Oct, P3_2023Jan","2","CD185","2","GLI2,TP73"
"189","cDC","P1_2020Oct, P3_2023Jan","2","CD366","1","MAF"
"190","cDC","P1_2020Oct, P3_2023Jan","2","CD152","1","POU2F2"
"191","cDC","P1_2020Oct, P3_2023Jan","2","CD197","2","POU2F2,USF1"
"192","cDC","P1_2020Oct, P3_2023Jan","2","CD25","2","POU2F2,TP73"
"193","cDC","P1_2020Oct, P3_2023Jan","2","CD279","1","POU2F2"
"194","cDC","P1_2020Oct, P3_2023Jan","2","CD62L","1","POU2F2"
"195","cDC","P1_2020Oct, P3_2023Jan","2","CD15","2","STAT4,TP73"
"196","cDC","P1_2020Oct, P3_2023Jan","2","CD137","1","TP73"
"197","cDC","P1_2020Oct, P3_2023Jan","2","CD161","1","TP73"
"198","cDC","P1_2020Oct, P3_2023Jan","2","CD273","1","TP73"
"199","cDC","P1_2020Oct, P3_2023Jan","2","CD28","1","TP73"
"200","cDC","P1_2020Oct, P3_2023Jan","2","CD56","1","TP73"
"201","cDC","P1_2020Oct, P3_2023Jan","2","CD133","1","TP73"
"202","CD8Tcell","P1_2020Oct, P2_2021Mar, P3_2023Jan","3","CD28","13","ARNT,CTCF,ETV7,FOXA1,KLF1,KLF9,NANOG,NR2C2,RBPJ,RXRA,TCF21,ZBTB7B,ZNF263"
"203","CD8Tcell","P1_2020Oct, P2_2021Mar, P3_2023Jan","3","CD38","6","ARNT,EHF,GTF2B,MECOM,STAT2,STAT3"
"204","CD8Tcell","P1_2020Oct, P2_2021Mar, P3_2023Jan","3","CD103","4","ARNTL,ELK3,ESR1,TCF21"
"205","CD8Tcell","P1_2020Oct, P2_2021Mar, P3_2023Jan","3","CD194","1","BHLHE40"
"206","CD8Tcell","P1_2020Oct, P2_2021Mar, P3_2023Jan","3","CD279","13","BHLHE40,CLOCK,E2F7,EGR1,ETV7,HINFP,KLF1,MXI1,SPDEF,SREBF1,TBP,TFAP2A,VDR"
"207","CD8Tcell","P1_2020Oct, P2_2021Mar, P3_2023Jan","3","HLA.DR","3","CLOCK,HNF1B,TBP"
"208","CD8Tcell","P1_2020Oct, P2_2021Mar, P3_2023Jan","3","CD69","2","E2F3,ZNF143"
"209","CD8Tcell","P1_2020Oct, P2_2021Mar, P3_2023Jan","3","CD95","3","E2F7,GMEB1,TBP"
"210","CD8Tcell","P1_2020Oct, P2_2021Mar, P3_2023Jan","3","CD27","4","FOXA1,PBX1,RUNX2,ZNF143"
"211","CD8Tcell","P1_2020Oct, P2_2021Mar, P3_2023Jan","3","CD195","3","FOXP2,GATA4,TEAD4"
"212","CD8Tcell","P1_2020Oct, P2_2021Mar, P3_2023Jan","3","CD127","2","HOXA1,MAF"
"213","CD8Tcell","P1_2020Oct, P2_2021Mar, P3_2023Jan","3","CD314","2","NKX2-1,PRDM1"
"214","CD8Tcell","P1_2020Oct, P2_2021Mar, P3_2023Jan","3","CD39","1","ZNF263"
"215","Fibroblast","P1_2020Oct, P2_2021Mar, P3_2023Jan","3","CD38","1","AHR"
"216","Fibroblast","P1_2020Oct, P2_2021Mar, P3_2023Jan","3","CD95","13","AR,CEBPD,EBF1,ELF1,FOXK1,GRHL2,HEY1,IRF3,RARG,RUNX1,TCF21,TFDP1,ZBTB33"
"217","Fibroblast","P1_2020Oct, P2_2021Mar, P3_2023Jan","3","CD273","4","ATF2,GATA3,PBX3,SOX17"
"218","Fibroblast","P1_2020Oct, P2_2021Mar, P3_2023Jan","3","CD141","9","BCL6,FOXD2,FOXP3,KLF4,NR5A2,STAT1,STAT2,STAT4,TCF7L2"
"219","Fibroblast","P1_2020Oct, P2_2021Mar, P3_2023Jan","3","CD45RA","1","BCL6"
"220","Fibroblast","P1_2020Oct, P2_2021Mar, P3_2023Jan","3","CD161","3","CEBPA,SREBF1,STAT2"
"221","Fibroblast","P1_2020Oct, P2_2021Mar, P3_2023Jan","3","CD40","3","CEBPA,MAFK,RARA"
"222","Fibroblast","P1_2020Oct, P2_2021Mar, P3_2023Jan","3","CD357","2","CLOCK,SMAD3"
"223","Fibroblast","P1_2020Oct, P2_2021Mar, P3_2023Jan","3","CD27","7","E2F6,ELK1,FOSL1,FOXM1,POU2F2,SETDB1,YY1"
"224","Fibroblast","P1_2020Oct, P2_2021Mar, P3_2023Jan","3","CD304","10","EGR2,FOXO3,GLIS1,KLF10,NFAT5,NKX2-1,PAX5,RUNX1,SMAD3,TFAP2A"
"225","Fibroblast","P1_2020Oct, P2_2021Mar, P3_2023Jan","3","CD66b","2","ELF1,ETV7"
"226","Fibroblast","P1_2020Oct, P2_2021Mar, P3_2023Jan","3","CD197","3","ELK1,HOXA4,STAT4"
"227","Fibroblast","P1_2020Oct, P2_2021Mar, P3_2023Jan","3","CD107a","6","ESR1,GLIS1,JUNB,POU2F1,TAL1,VEZF1"
"228","Fibroblast","P1_2020Oct, P2_2021Mar, P3_2023Jan","3","CD56","4","FOXA2,HOXB13,MAFK,RUNX3"
"229","Fibroblast","P1_2020Oct, P2_2021Mar, P3_2023Jan","3","CD28","3","FOXH1,HNF1B,ZBTB7A"
"230","Fibroblast","P1_2020Oct, P2_2021Mar, P3_2023Jan","3","CD81","8","GRHL2,GTF2B,HINFP,HOXA1,IRF3,RUNX2,STAT5A,TEAD4"
"231","Fibroblast","P1_2020Oct, P2_2021Mar, P3_2023Jan","3","CD117","1","KLF1"
"232","Fibroblast","P1_2020Oct, P2_2021Mar, P3_2023Jan","3","CD127","1","MEF2C"
"233","Fibroblast","P1_2020Oct, P2_2021Mar, P3_2023Jan","3","HLA.DR","1","NR2F2"
"234","ProliferatingCell","P1_2020Oct, P2_2021Mar","2","CD137","15","AR,ATF3,E2F2,ETV1,FOS,FOXA2,GATA2,KLF10,MECOM,MEF2C,NFATC1,RXRA,RXRG,TCF21,TFAP2C"
"235","ProliferatingCell","P1_2020Oct, P2_2021Mar","2","CD357","1","AR"
"236","ProliferatingCell","P1_2020Oct, P2_2021Mar","2","CD56","2","AR,RXRG"
"237","ProliferatingCell","P1_2020Oct, P2_2021Mar","2","CD45RA","3","AR,ELK1,SMAD3"
"238","ProliferatingCell","P1_2020Oct, P2_2021Mar","2","CD185","13","ASCL2,BARX2,BHLHE40,E2F2,FOS,GATA2,GTF2I,MEF2C,MYB,NR5A2,RXRA,RXRG,TP63"
"239","ProliferatingCell","P1_2020Oct, P2_2021Mar","2","CD304","19","ASCL2,ATF3,EGR2,ETS2,ETV4,FOXA1,FOXK1,FOXP1,GTF2I,HOXB13,IRF1,JUND,MYB,PAX6,SETDB1,SP4,SREBF1,TCF7L2,TFDP1"
"240","ProliferatingCell","P1_2020Oct, P2_2021Mar","2","CD278","4","ATF1,HES1,HINFP,STAT4"
"241","ProliferatingCell","P1_2020Oct, P2_2021Mar","2","CD95","6","ATF2,E2F6,GMEB1,SOX17,SREBF1,ZNF384"
"242","ProliferatingCell","P1_2020Oct, P2_2021Mar","2","CD134","12","ATF3,E2F2,ETS2,FOXA1,HOXC6,KLF10,NFYB,PPARG,RXRG,STAT4,TFAP2C,ZBTB7B"
"243","ProliferatingCell","P1_2020Oct, P2_2021Mar","2","CD223","12","ATF3,FOS,GATA2,GTF2I,HOXC6,PBX3,PPARG,RXRG,STAT4,ZBTB7B,ZFX,ZKSCAN1"
"244","ProliferatingCell","P1_2020Oct, P2_2021Mar","2","CD62L","4","ATF3,FOS,GTF2I,RXRA"
"245","ProliferatingCell","P1_2020Oct, P2_2021Mar","2","CD66b","17","ATF3,E2F6,EGR2,ELK1,ESRRA,GATA1,GTF2B,JUN,NR5A2,PGR,RXRA,RXRG,STAT4,TCF21,TFAP2A,TFAP2C,TP63"
"246","ProliferatingCell","P1_2020Oct, P2_2021Mar","2","CD107a","21","ATF3,CLOCK,E2F6,EGR2,ESRRA,GATA3,GTF2B,GTF2I,HINFP,HNF4A,HOXB13,KLF10,MYB,RELA,RXRG,TBP,TCF7L2,TFAP2A,USF1,YY1,ZNF384"
"247","ProliferatingCell","P1_2020Oct, P2_2021Mar","2","CD141","12","BCL11A,CEBPD,FOXA1,FOXK1,FOXM1,GMEB1,HIF1A,MAFF,RUNX2,SREBF1,STAT5A,TCF7L2"
"248","ProliferatingCell","P1_2020Oct, P2_2021Mar","2","CD117","10","BHLHE40,CDX2,ELK4,GTF2I,MEF2C,PPARG,RELA,RXRA,TBX21,ZBTB7B"
"249","ProliferatingCell","P1_2020Oct, P2_2021Mar","2","CD25","16","BHLHE40,E2F2,ELK4,FOS,GATA1,GTF2I,HOXC6,KLF10,MECOM,MEF2C,MZF1,RXRA,RXRG,STAT4,TEAD4,TFAP2C"
"250","ProliferatingCell","P1_2020Oct, P2_2021Mar","2","CD273","17","BHLHE40,ELK4,FOS,FOXP3,GATA1,GATA2,GTF2I,HINFP,HOXC6,MECOM,MEF2C,PPARG,RELA,RXRA,RXRG,STAT4,TEAD4"
"251","ProliferatingCell","P1_2020Oct, P2_2021Mar","2","CD123","7","CLOCK,MEF2A,RELA,SREBF1,STAT4,TFAP2A,ZKSCAN1"
"252","ProliferatingCell","P1_2020Oct, P2_2021Mar","2","CD1c","11","CLOCK,E2F3,E2F6,E2F8,ESR1,ETV5,HES1,KLF10,MYB,SMAD3,TEAD4"
"253","ProliferatingCell","P1_2020Oct, P2_2021Mar","2","CD4","2","CLOCK,ELF2"
"254","ProliferatingCell","P1_2020Oct, P2_2021Mar","2","CD194","8","E2F2,ELK4,FOXP3,PPARG,RELA,RUNX2,RXRG,STAT4"
"255","ProliferatingCell","P1_2020Oct, P2_2021Mar","2","CD197","5","E2F2,FOS,GATA2,HOXA1,ZKSCAN1"
"256","ProliferatingCell","P1_2020Oct, P2_2021Mar","2","CD20","25","E2F2,EGR1,ETV1,FOS,FOXD2,FOXP2,FOXP3,GATA1,GATA4,GTF2I,KLF10,KLF9,MECOM,MEF2A,MEF2C,NRF1,PAX6,PPARG,RFX2,RUNX2,RXRA,RXRG,STAT4,TCF4,ZNF263"
"257","ProliferatingCell","P1_2020Oct, P2_2021Mar","2","CD28","6","E2F2,ELK4,HINFP,RUNX2,STAT4,TEAD4"
"258","ProliferatingCell","P1_2020Oct, P2_2021Mar","2","CD14","17","E2F4,E2F6,ELK4,FOXP3,GATA1,GATA2,HIF1A,JUND,MEF2C,NR5A2,PBX1,RUNX2,STAT5A,TBP,TCF21,TFDP1,ZKSCAN1"
"259","ProliferatingCell","P1_2020Oct, P2_2021Mar","2","CD133","3","E2F6,MAFF,PPARG"
"260","ProliferatingCell","P1_2020Oct, P2_2021Mar","2","CD81","8","EBF1,ESRRA,ETV4,FOXK1,JUND,SIX5,SP2,ZNF384"
"261","ProliferatingCell","P1_2020Oct, P2_2021Mar","2","HLA.DR","11","EGR2,GMEB2,IRF2,JUN,JUND,MEF2C,PGR,SPDEF,STAT5A,TBP,TCF21"
"262","ProliferatingCell","P1_2020Oct, P2_2021Mar","2","CD366","2","ELK4,TEAD4"
"263","ProliferatingCell","P1_2020Oct, P2_2021Mar","2","CD40","3","ETV4,FOXA2,STAT5A"
"264","ProliferatingCell","P1_2020Oct, P2_2021Mar","2","CD19","5","FOS,MECOM,RXRG,STAT4,ZFX"
"265","ProliferatingCell","P1_2020Oct, P2_2021Mar","2","CD314","4","FOS,NKX2-1,RELA,STAT4"
"266","ProliferatingCell","P1_2020Oct, P2_2021Mar","2","CD206","7","FOS,GATA4,MEF2C,RXRA,RXRG,STAT4,ZFX"
"267","ProliferatingCell","P1_2020Oct, P2_2021Mar","2","CD161","1","FOXA1"
"268","ProliferatingCell","P1_2020Oct, P2_2021Mar","2","CD11c","1","HOXA4"
"269","ProliferatingCell","P1_2020Oct, P2_2021Mar","2","CD15","9","KLF10,MAFF,NKX2-1,RFX2,RXRG,SREBF1,STAT1,TCF7L2,ZBTB7A"
"270","ProliferatingCell","P1_2020Oct, P2_2021Mar","2","TCRVdelta2","2","NR2F2,STAT4"
"271","ProliferatingCell","P1_2020Oct, P2_2021Mar","2","CD30","1","PPARG"
"272","ProliferatingCell","P1_2020Oct, P2_2021Mar","2","CD103","1","STAT4"
"273","ProliferatingCell","P1_2020Oct, P2_2021Mar","2","CD152","1","STAT4"
"274","ProliferatingCell","P1_2020Oct, P2_2021Mar","2","CD274","1","TBP"
"275","pDC","P1_2020Oct, P2_2021Mar, P3_2023Jan","3","CD11c","7","AHR,E2F7,FOXM1,JUNB,NFE2,RXRG,USF2"
"276","pDC","P1_2020Oct, P2_2021Mar, P3_2023Jan","3","CD15","9","E2F1,E2F2,HSF2,MXI1,NR2C2,REST,SPIB,TP63,USF2"
"277","pDC","P1_2020Oct, P2_2021Mar, P3_2023Jan","3","CD39","7","E2F1,FOXM1,GLI2,JUNB,RXRG,SETDB1,USF2"
"278","pDC","P1_2020Oct, P2_2021Mar, P3_2023Jan","3","CD11b","5","E2F2,E2F7,FOXM1,RXRG,SPIB"
"279","pDC","P1_2020Oct, P2_2021Mar, P3_2023Jan","3","CD273","1","E2F2"
"280","pDC","P1_2020Oct, P2_2021Mar, P3_2023Jan","3","CD66b","7","E2F2,ETV1,GRHL2,HSF2,JUNB,RXRG,SPIB"
"281","pDC","P1_2020Oct, P2_2021Mar, P3_2023Jan","3","CD195","2","E2F7,RXRG"
"282","pDC","P1_2020Oct, P2_2021Mar, P3_2023Jan","3","CD38","3","E2F7,RXRG,USF2"
"283","pDC","P1_2020Oct, P2_2021Mar, P3_2023Jan","3","CD40","3","EBF1,RXRA,SPDEF"
"284","pDC","P1_2020Oct, P2_2021Mar, P3_2023Jan","3","CD107a","2","ETV6,MAF"
"285","pDC","P1_2020Oct, P2_2021Mar, P3_2023Jan","3","HLA.DR","1","IRF3"
"286","pDC","P1_2020Oct, P2_2021Mar, P3_2023Jan","3","CD123","1","MAFK"
"287","pDC","P1_2020Oct, P2_2021Mar, P3_2023Jan","3","CD223","1","NR2C2"
"288","Endothelial","P1_2020Oct, P3_2023Jan","2","CD304","28","AHR,ARID3A,BHLHE40,E2F7,EPAS1,ETV4,FOXO3,GATA1,GRHL2,HSF1,IRF3,JUN,JUNB,KLF10,NFYA,NR5A2,PBX3,POU2F2,PPARG,RARG,RXRA,SETDB1,SPDEF,STAT1,VEZF1,ZBTB33,ZFX,ZNF143"
"289","Endothelial","P1_2020Oct, P3_2023Jan","2","CD56","29","AR,ATF2,BATF,BCL6,CDX2,E2F2,E2F6,EGR1,EHF,ESR2,ETV1,FOXD2,FOXP2,GATA4,GMEB2,HNF4A,HSF1,MAF,NFE2,PRDM1,RXRA,SIX5,SOX17,SPI1,SPIB,TBX21,TCF21,USF1,ZBTB33"
"290","Endothelial","P1_2020Oct, P3_2023Jan","2","CD1c","1","ARNTL"
"291","Endothelial","P1_2020Oct, P3_2023Jan","2","CD279","4","ARNTL,GMEB2,HOXC6,VDR"
"292","Endothelial","P1_2020Oct, P3_2023Jan","2","TCRVdelta2","1","ARNTL"
"293","Endothelial","P1_2020Oct, P3_2023Jan","2","CD133","1","ARNTL"
"294","Endothelial","P1_2020Oct, P3_2023Jan","2","CD39","48","ATF2,BACH2,BARX2,CDX2,CLOCK,EGR1,EGR2,EHF,ELF1,ESR1,ETV4,FOXA1,FOXK1,FOXP3,GATA4,GLI2,GRHL2,GTF2I,HNF1B,HOXA1,HOXB13,HOXC6,JUN,JUND,KMT2A,MAFK,MAX,MEIS1,MXI1,NFYB,PAX5,POU2F2,PRDM1,RELA,RUNX1,RXRA,RXRG,SMAD3,SP4,SREBF1,TBX21,TFAP2A,TP73,USF2,YY1,ZBTB7B,ZFX,ZNF76"
"295","Endothelial","P1_2020Oct, P3_2023Jan","2","CD366","11","BACH2,ELK4,HEY1,HNF4G,LHX2,MYB,RUNX3,SP2,STAT1,TCF7L2,ZKSCAN1"
"296","Endothelial","P1_2020Oct, P3_2023Jan","2","CD69","27","BACH2,CEBPD,ELK1,ELK4,FOXP3,GATA1,GLIS1,GRHL2,HEY1,HINFP,HNF4G,HOXB13,LHX2,MAFF,MYC,NFE2,NRF1,PAX6,PBX3,POU2F2,RARG,RELA,SOX17,SP2,VEZF1,ZFX,ZKSCAN1"
"297","Endothelial","P1_2020Oct, P3_2023Jan","2","CD141","19","BATF,EBF1,EGR2,ESRRA,HNF1B,HNF4A,MECOM,MNT,NFYB,PAX5,RUNX1,RXRA,SMAD3,SP1,SREBF1,STAT2,TP63,USF2,ZFX"
"298","Endothelial","P1_2020Oct, P3_2023Jan","2","HLA.DR","26","BATF,E2F3,ETV5,ETV7,FOXO3,FOXP2,GLI2,IRF2,IRF4,JUNB,KLF1,KLF9,MAX,MEIS1,NFE2,NR2F2,PAX5,PBX1,RUNX3,SIX5,SPIB,STAT5A,STAT5B,TAL1,ZEB1,ZFX"
"299","Endothelial","P1_2020Oct, P3_2023Jan","2","CD95","13","BCL11A,ELK1,FOXA1,GATA2,HNF4A,HNF4G,RBPJ,RFX2,SRF,STAT1,TCF7L2,ZNF384,ZNF76"
"300","Endothelial","P1_2020Oct, P3_2023Jan","2","CD81","20","BCL6,EGR1,ELK1,ELK4,GATA2,GLI2,JUNB,KLF3,KLF4,MEIS1,NR2F2,NR5A2,PRDM1,RELA,SP2,TCF21,TCF3,USF1,ZBTB7A,ZKSCAN1"
"301","Endothelial","P1_2020Oct, P3_2023Jan","2","CD123","9","BHLHE40,EPAS1,FOXA2,MEIS1,PAX5,SETDB1,STAT1,STAT3,ZFX"
"302","Endothelial","P1_2020Oct, P3_2023Jan","2","CD206","27","CDX2,CLOCK,E2F8,EGR1,EGR2,EHF,ESR2,FOSL1,FOXP2,GATA4,GLI2,HNF4A,KMT2A,LHX2,MAX,MYB,NFIC,NFYB,PAX5,POU2F2,PRDM1,REST,RXRA,STAT5A,TEAD4,TFAP2A,ZBTB7B"
"303","Endothelial","P1_2020Oct, P3_2023Jan","2","CD28","10","CTCF,EBF1,MYC,NR3C1,PPARG,RBPJ,SPDEF,ZBTB33,ZBTB7A,ZNF384"
"304","Endothelial","P1_2020Oct, P3_2023Jan","2","CD30","3","CTCF,PPARG,RBPJ"
"305","Endothelial","P1_2020Oct, P3_2023Jan","2","CD38","6","CTCF,HNF4G,KLF1,SP2,STAT1,ZKSCAN1"
"306","Endothelial","P1_2020Oct, P3_2023Jan","2","CD223","2","E2F2,STAT1"
"307","Endothelial","P1_2020Oct, P3_2023Jan","2","CD25","2","E2F2,GMEB2"
"308","Endothelial","P1_2020Oct, P3_2023Jan","2","CD274","3","E2F8,ELK4,SRF"
"309","Endothelial","P1_2020Oct, P3_2023Jan","2","TIGIT","3","EBF1,GMEB2,NANOG"
"310","Endothelial","P1_2020Oct, P3_2023Jan","2","CD194","4","ELF1,FOXP1,NR2C2,STAT1"
"311","Endothelial","P1_2020Oct, P3_2023Jan","2","CD11c","11","ELK1,ELK4,FOXA1,HES1,HNF4G,NFAT5,NR3C1,PAX5,STAT1,XBP1,ZKSCAN1"
"312","Endothelial","P1_2020Oct, P3_2023Jan","2","CD117","14","ELK3,ESR1,ETV5,FOXD2,HIF1A,HINFP,HOXA1,HOXA4,HOXC6,MYC,RUNX3,SPI1,TCF12,THAP1"
"313","Endothelial","P1_2020Oct, P3_2023Jan","2","CD27","4","ELK4,FOXP1,STAT1,TAL1"
"314","Endothelial","P1_2020Oct, P3_2023Jan","2","CD273","9","ELK4,FOXA1,FOXD2,KLF1,NR2C2,STAT1,TCF21,ZKSCAN1,ZNF384"
"315","Endothelial","P1_2020Oct, P3_2023Jan","2","CD62L","2","ELK4,RBPJ"
"316","Endothelial","P1_2020Oct, P3_2023Jan","2","CD45RA","6","ELK4,HNF4G,RUNX3,SOX17,TCF12,ZKSCAN1"
"317","Endothelial","P1_2020Oct, P3_2023Jan","2","CD40","4","EPAS1,MAX,NR2C2,STAT1"
"318","Endothelial","P1_2020Oct, P3_2023Jan","2","CD137","5","ETV5,NR2C2,PBX1,SETDB1,STAT1"
"319","Endothelial","P1_2020Oct, P3_2023Jan","2","CD107a","1","FOXH1"
"320","Endothelial","P1_2020Oct, P3_2023Jan","2","CD19","4","GATA4,MNT,SP4,STAT1"
"321","Endothelial","P1_2020Oct, P3_2023Jan","2","CD254","2","GTF2B,NANOG"
"322","Endothelial","P1_2020Oct, P3_2023Jan","2","CD103","1","HNF4A"
"323","Endothelial","P1_2020Oct, P3_2023Jan","2","CD11b","2","HNF4A,SETDB1"
"324","Endothelial","P1_2020Oct, P3_2023Jan","2","CD14","1","HNF4A"
"325","Endothelial","P1_2020Oct, P3_2023Jan","2","CD195","3","HNF4A,SRF,STAT1"
"326","Endothelial","P1_2020Oct, P3_2023Jan","2","CD185","4","NR3C1,SETDB1,SNAI2,STAT1"
"327","Endothelial","P1_2020Oct, P3_2023Jan","2","CD278","1","RBPJ"
"328","Endothelial","P1_2020Oct, P3_2023Jan","2","CD15","1","SETDB1"
"329","Endothelial","P1_2020Oct, P3_2023Jan","2","CD197","1","SETDB1"
"330","Endothelial","P1_2020Oct, P3_2023Jan","2","CD127","1","STAT1"
"331","Endothelial","P1_2020Oct, P3_2023Jan","2","CD4","4","STAT1,STAT4,XBP1,ZKSCAN1"
"332","Endothelial","P1_2020Oct, P3_2023Jan","2","CD161","1","ZNF263"
"333","Malignant_mesothelial","P1_2020Oct, P3_2023Jan","2","CD66b","42","AHR,ATF1,ATF3,CEBPD,ELK3,ETV1,ETV5,ETV6,ETV7,FOS,FOXP2,GATA1,GATA6,GTF2I,HSF1,JUNB,KLF1,KLF10,KMT2A,MEF2C,MXI1,NFAT5,NR3C1,NR5A2,RARG,RBPJ,RUNX1,SIX5,SMAD3,SNAI2,SPI1,SPIB,SRF,STAT1,TFAP4,TP63,VDR,ZBTB33,ZBTB7A,ZEB1,ZNF143,ZNF250"
"334","Malignant_mesothelial","P1_2020Oct, P3_2023Jan","2","CD95","18","AHR,ARNT,CEBPD,E2F1,ELK3,ETV1,ETV6,FOS,IRF4,SPIB,SREBF1,TBP,TEAD4,TFAP2A,TFAP4,VDR,ZBTB7A,ZEB1"
"335","Malignant_mesothelial","P1_2020Oct, P3_2023Jan","2","CD107a","51","AHR,ARID3A,ATF2,CEBPA,CEBPD,CTCF,EHF,ELF1,ELK3,ESR1,ETV1,ETV6,ETV7,FOS,FOXO3,FOXP2,FOXP3,GATA3,GATA6,GLI2,GLIS1,GTF2B,HNF4G,HOXA1,HSF2,IRF1,IRF3,JUNB,JUND,KMT2A,MEF2C,MEIS1,MYB,NR5A2,PAX5,POU2F1,POU2F2,PRDM1,RELA,RFX2,RUNX1,RXRG,SMAD3,STAT5B,TFAP2A,TP73,VDR,ZBTB7B,ZEB1,ZNF250,ZNF263"
"336","Malignant_mesothelial","P1_2020Oct, P3_2023Jan","2","CD195","14","AR,ARID3A,ATF3,EHF,ELK4,ESR1,GATA3,IRF3,KMT2A,MYB,NR3C1,RXRG,TCF3,VDR"
"337","Malignant_mesothelial","P1_2020Oct, P3_2023Jan","2","CD81","47","AR,ATF2,BARX2,BHLHE40,CDX2,CEBPA,CEBPD,E2F2,E2F4,EHF,ELK1,ELK4,ESR1,ESR2,ETV6,FOXH1,FOXO3,FOXP3,GATA2,GLI2,GRHL2,GTF2B,HNF1B,HOXC6,IRF1,JUN,JUND,LHX2,MEF2C,MYB,MYC,NFAT5,NR5A2,NRF1,PBX3,POU2F2,REST,RUNX1,RUNX3,SP1,SPI1,STAT2,STAT4,TBX21,TP73,YY1,ZNF263"
"338","Malignant_mesothelial","P1_2020Oct, P3_2023Jan","2","HLA.DR","86","ARID3A,ASCL2,ATF1,ATF2,BARX2,BATF,BHLHE40,CEBPA,CEBPD,CTCF,CUX1,E2F1,E2F4,E2F7,EGR2,EHF,ELK1,ELK3,ELK4,ESR1,ESR2,FOSL2,FOXH1,FOXK1,FOXO3,FOXP3,GATA2,GATA3,GLI2,GLIS1,GRHL2,GTF2B,HEY1,HIF1A,HNF1B,HOXA4,HSF1,HSF2,IRF1,IRF3,JUN,JUND,KLF1,LHX2,MAFF,MEF2C,MNT,MYB,MYC,NFAT5,NFYA,NR3C1,NR5A2,NRF1,PBX1,PGR,POU2F2,PPARG,RFX2,RUNX1,RUNX2,RUNX3,RXRG,SIX5,SOX17,SP1,SP4,SPIB,SREBF1,STAT2,STAT3,STAT4,TAL1,TBX21,TFAP2A,THAP1,TP73,USF1,USF2,VDR,YY1,ZBTB33,ZBTB7B,ZFX,ZKSCAN1,ZNF263"
"339","Malignant_mesothelial","P1_2020Oct, P3_2023Jan","2","CD161","11","ASCL2,FOXH1,FOXK1,KLF9,MYC,NFAT5,NR2F2,PBX1,SPI1,TEAD4,TFAP4"
"340","Malignant_mesothelial","P1_2020Oct, P3_2023Jan","2","CD27","2","ATF1,CDX2"
"341","Malignant_mesothelial","P1_2020Oct, P3_2023Jan","2","CD40","11","ATF1,ATF3,BARX2,GATA6,MEF2A,NR3C1,RELA,SPIB,TFAP4,VDR,ZBTB7A"
"342","Malignant_mesothelial","P1_2020Oct, P3_2023Jan","2","CD11c","10","ATF3,CEBPD,FOS,FOXP2,MXI1,NR3C1,RUNX1,SPI1,SPIB,STAT5B"
"343","Malignant_mesothelial","P1_2020Oct, P3_2023Jan","2","CD30","2","ATF3,SNAI2"
"344","Malignant_mesothelial","P1_2020Oct, P3_2023Jan","2","CD4","4","ATF3,NR3C1,SNAI2,TCF3"
"345","Malignant_mesothelial","P1_2020Oct, P3_2023Jan","2","CD133","5","ATF3,ETV5,HES1,KMT2A,MECOM"
"346","Malignant_mesothelial","P1_2020Oct, P3_2023Jan","2","CD38","15","BACH2,BATF,EBF1,FOXA1,GATA4,GTF2I,KLF4,KMT2A,MZF1,PAX6,PBX1,PBX3,TCF12,TCF4,ZKSCAN1"
"347","Malignant_mesothelial","P1_2020Oct, P3_2023Jan","2","CD117","4","BCL11A,NFIC,PAX6,RFX5"
"348","Malignant_mesothelial","P1_2020Oct, P3_2023Jan","2","CD45RA","1","BCL11A"
"349","Malignant_mesothelial","P1_2020Oct, P3_2023Jan","2","CD11b","7","CEBPD,FOS,HIF1A,MXI1,SIX5,USF2,VDR"
"350","Malignant_mesothelial","P1_2020Oct, P3_2023Jan","2","CD1c","7","E2F4,ELK1,NR3C1,POU2F2,TFAP2A,TP73,YY1"
"351","Malignant_mesothelial","P1_2020Oct, P3_2023Jan","2","CD62L","5","E2F6,HIF1A,IRF2,PAX6,ZNF76"
"352","Malignant_mesothelial","P1_2020Oct, P3_2023Jan","2","CD304","2","EGR2,VDR"
"353","Malignant_mesothelial","P1_2020Oct, P3_2023Jan","2","CD141","5","EHF,HIF1A,RBPJ,RXRG,VDR"
"354","Malignant_mesothelial","P1_2020Oct, P3_2023Jan","2","CD279","2","FOS,NR3C1"
"355","Malignant_mesothelial","P1_2020Oct, P3_2023Jan","2","KLRG1","1","FOS"
"356","Malignant_mesothelial","P1_2020Oct, P3_2023Jan","2","CD19","3","GATA1,MYBL2,TCF3"
"357","Malignant_mesothelial","P1_2020Oct, P3_2023Jan","2","CD273","3","GATA1,ZBTB7B,ZNF143"
"358","Malignant_mesothelial","P1_2020Oct, P3_2023Jan","2","CD14","1","HIF1A"
"359","Malignant_mesothelial","P1_2020Oct, P3_2023Jan","2","CD39","5","HIF1A,MXI1,NR3C1,RXRA,VDR"
"360","Malignant_mesothelial","P1_2020Oct, P3_2023Jan","2","CD185","6","KLF10,NKX2-1,PPARG,RBPJ,RFX5,TFDP1"
"361","Malignant_mesothelial","P1_2020Oct, P3_2023Jan","2","CD15","3","KMT2A,SNAI2,STAT5B"
"362","Malignant_mesothelial","P1_2020Oct, P3_2023Jan","2","CD56","4","KMT2A,RUNX2,TFAP4,THAP1"
"363","Malignant_mesothelial","P1_2020Oct, P3_2023Jan","2","CD278","2","NR3C1,TCF3"
"364","Malignant_mesothelial","P1_2020Oct, P3_2023Jan","2","CD314","1","NR3C1"
"365","Malignant_mesothelial","P1_2020Oct, P3_2023Jan","2","CD127","1","PAX6"
"366","Malignant_mesothelial","P1_2020Oct, P3_2023Jan","2","CD366","1","PAX6"
"367","Malignant_mesothelial","P1_2020Oct, P3_2023Jan","2","CD69","1","PAX6"
"368","Malignant_mesothelial","P1_2020Oct, P3_2023Jan","2","CD194","1","RFX5"
"369","Malignant_mesothelial","P1_2020Oct, P3_2023Jan","2","CD137","1","SNAI2"
"370","Malignant_mesothelial","P1_2020Oct, P3_2023Jan","2","CD20","1","SNAI2"
"371","Malignant_mesothelial","P1_2020Oct, P3_2023Jan","2","CD274","1","SNAI2"
"372","Malignant_mesothelial","P1_2020Oct, P3_2023Jan","2","TIGIT","1","TFAP2A"
